Name,Type,Seller,Creator,Demo url,Download url,Description url,Date,Image url
Shutter,Wordpress,creativemarket.com,Courtyard Themes,http://demo.courtyardthemes.com/shutter,https://creativemarket.com/op/download/6571,https://creativemarket.com/mccanndean/6571-Shutter.-A-Classic-Photography-Theme,3/21/2014,
Panoramic,Wordpress,creativemarket.com,Courtyard Themes,http://demo.courtyardthemes.com/panoramic,https://creativemarket.com/op/download/10277,https://creativemarket.com/mccanndean/10277-Panoramic.-A-Widescreen-Photoblog,3/21/2014,
Panoramic,Wordpress,creativemarket.com,Courtyard Themes,http://demo.courtyardthemes.com/panoramic,https://creativemarket.com/op/download/10277,https://creativemarket.com/mccanndean/10277-Panoramic.-A-Widescreen-Photoblog,3/21/2014,
One Page Christmas,Wordpress,creativemarket.com,DesignWall,,https://creativemarket.com/op/download/1753,https://creativemarket.com/designwall/1753-DW-One-Page-Christmas-WP-Theme,3/21/2014,
Brisk,Wordpress,creativemarket.com,Liam McKay,http://demo.wefunction.com/brisk/,https://creativemarket.com/op/download/4211,https://creativemarket.com/liammckay/4211-Brisk.-Responsive-Blog-Theme,3/21/2014,
Snazzy,Wordpress,creativemarket.com,themebeans.com,http://demo.themebeans.com/snazzy/,https://creativemarket.com/op/download/9247,https://creativemarket.com/ThemeBeans/9247-Snazzy-Portfolio-Theme,3/21/2014,
Rambles,Wordpress,creativemarket.com,themebeans.com,http://demo.themebeans.com/Rambles/,https://creativemarket.com/op/download/2211,https://creativemarket.com/ThemeBeans/9247-Snazzy-Portfolio-Theme,3/21/2014,
Doppio,Wordpress,creativemarket.com,themejug.com,http://themejug.com/demo/doppio/,https://creativemarket.com/op/download/3577,https://creativemarket.com/ThemeJug/3577-Doppio-Retina-WordPress-Theme,3/21/2014,
Bonbon,Wordpress,creativemarket.com,themejug.com,http://themejug.com/demo/bonbon/,https://creativemarket.com/op/download/9140,https://creativemarket.com/ThemeJug/9140-Bonbon-WordPress-Theme,3/21/2014,
Hipster,Wordpress,creativemarket.com,themejug.com,http://themejug.com/demo/hipster/,https://creativemarket.com/op/download/3998,https://creativemarket.com/ThemeJug/3998-Hipster-A-Retina-WordPress-Blog,3/21/2014,
Breve,Wordpress,creativemarket.com,themejug.com,http://themejug.com/demo/breve/,https://creativemarket.com/op/download/1660,https://creativemarket.com/ThemeJug/1660-Breve-Responsive-Portfolio-Theme,3/21/2014,
Pocillo,Wordpress,creativemarket.com,themejug.com,http://themejug.com/demo/Pocillo/,https://creativemarket.com/op/download/2437,https://creativemarket.com/ThemeJug/2437-Pocillo-Retina-Portfolio-Theme,3/21/2014,
Carajillo,Wordpress,creativemarket.com,themejug.com,http://themejug.com/demo/Carajillo/,https://creativemarket.com/op/download/7776,https://creativemarket.com/ThemeJug/7776-Carajillo-Photography-Theme,3/21/2014,
DarkFader,Tumblr,creativemarket.com,Viktor Hanacek,http://darkfadertheme.tumblr.com/,https://creativemarket.com/op/download/10740,https://creativemarket.com/viktorhanacek/10740-DarkFader-%E2%80%94-Clean-Tumblr-Blog-Theme,3/21/2014,
Paeon,Wordpress,nicethemes.com,nicethemes.com,http://nicethemes.com/members/content/f/id/5/,http://demo.nicethemes.com/paeon,http://nicethemes.com/theme/paeon,3/21/2014,
Folly,Wordpress,nicethemes.com,nicethemes.com,http://nicethemes.com/members/content/f/id/1/,http://demo.nicethemes.com/folly,http://nicethemes.com/theme/folly,3/21/2014,
Bref,Wordpress,nicethemes.com,nicethemes.com,http://nicethemes.com/members/content/f/id/4/,http://demo.nicethemes.com/bref,http://nicethemes.com/theme/bref,3/21/2014,
Bbq,Wordpress,nicethemes.com,nicethemes.com,http://nicethemes.com/members/content/f/id/3/,http://demo.nicethemes.com/bbq,http://nicethemes.com/theme/bbq,3/21/2014,
Netelier,Wordpress,nicethemes.com,nicethemes.com,http://nicethemes.com/members/content/f/id/2/,http://demo.nicethemes.com/netelier,http://nicethemes.com/theme/netelier,3/21/2014,
Agency,Wordpress,themify.me,themify.me,http://themify.me/demo/themes/agency,http://themify.me/files/agency/agency.zip,http://themify.me/themes/agency,3/21/2014,
Basic,Wordpress,themify.me,themify.me,http://themify.me/demo/themes/basic,http://themify.me/files/basic/basic.zip,http://themify.me/themes/basic,3/21/2014,
Bizco,Wordpress,themify.me,themify.me,http://themify.me/demo/themes/bizco,http://themify.me/files/bizco/bizco.zip,http://themify.me/themes/bizco,3/21/2014,
BlogFolio,Wordpress,themify.me,themify.me,http://themify.me/demo/themes/blogfolio,http://themify.me/files/blogfolio/blogfolio.zip,http://themify.me/themes/blogfolio,3/21/2014,
Bloggie,Wordpress,themify.me,themify.me,http://themify.me/demo/themes/bloggie,http://themify.me/files/bloggie/bloggie.zip,http://themify.me/themes/bloggie,3/21/2014,
Bold,Wordpress,themify.me,themify.me,http://themify.me/demo/themes/bold,http://themify.me/files/bold/bold.zip,http://themify.me/themes/bold,3/21/2014,
Edmin,Wordpress,themify.me,themify.me,http://themify.me/demo/themes/edmin,http://themify.me/files/edmin/edmin.zip,http://themify.me/themes/edmin,3/21/2014,
Elemin,Wordpress,themify.me,themify.me,http://themify.me/demo/themes/elemin,http://themify.me/files/elemin/elemin.zip,http://themify.me/themes/elemin,3/21/2014,
Flat,Wordpress,themify.me,themify.me,http://themify.me/demo/themes/flat,http://themify.me/files/flat/flat.zip,http://themify.me/themes/flat,3/21/2014,
Flatshop,Wordpress,themify.me,themify.me,http://themify.me/demo/themes/flatshop,http://themify.me/files/flatshop/flatshop.zip,http://themify.me/themes/flatshop,3/21/2014,
Folo,Wordpress,themify.me,themify.me,http://themify.me/demo/themes/folo,http://themify.me/files/folo/folo.zip,http://themify.me/themes/folo,3/21/2014,
Fullpane,Wordpress,themify.me,themify.me,http://themify.me/demo/themes/fullpane,http://themify.me/files/fullpane/fullpane.zip,http://themify.me/themes/fullpane,3/21/2014,
Fullscreen,Wordpress,themify.me,themify.me,http://themify.me/demo/themes/fullscreen,http://themify.me/files/fullscreen/fullscreen.zip,http://themify.me/themes/fullscreen,3/21/2014,
Funki,Wordpress,themify.me,themify.me,http://themify.me/demo/themes/funki,http://themify.me/files/funki/funki.zip,http://themify.me/themes/funki,3/21/2014,
Grido,Wordpress,themify.me,themify.me,http://themify.me/demo/themes/grido,http://themify.me/files/grido/grido.zip,http://themify.me/themes/grido,3/21/2014,
iTheme2,Wordpress,themify.me,themify.me,http://themify.me/demo/themes/itheme2,http://themify.me/files/itheme2/itheme2.zip,http://themify.me/themes/itheme2,3/21/2014,
Koi,Wordpress,themify.me,themify.me,http://themify.me/demo/themes/koi,http://themify.me/files/koi/koi.zip,http://themify.me/themes/koi,3/21/2014,
Magazine,Wordpress,themify.me,themify.me,http://themify.me/demo/themes/magazine,http://themify.me/files/magazine/magazine.zip,http://themify.me/themes/magazine,3/21/2014,
Metro,Wordpress,themify.me,themify.me,http://themify.me/demo/themes/metro,http://themify.me/files/metro/metro.zip,http://themify.me/themes/metro,3/21/2014,
Minblr,Wordpress,themify.me,themify.me,http://themify.me/demo/themes/minblr,http://themify.me/files/minblr/minblr.zip,http://themify.me/themes/minblr,3/21/2014,
Minshop,Wordpress,themify.me,themify.me,http://themify.me/demo/themes/minshop,http://themify.me/files/minshop/minshop.zip,http://themify.me/themes/minshop,3/21/2014,
Newsy,Wordpress,themify.me,themify.me,http://themify.me/demo/themes/newsy,http://themify.me/files/newsy/newsy.zip,http://themify.me/themes/newsy,3/21/2014,
Notes,Wordpress,themify.me,themify.me,http://themify.me/demo/themes/notes,http://themify.me/files/notes/notes.zip,http://themify.me/themes/notes,3/21/2014,
Parallax,Wordpress,themify.me,themify.me,http://themify.me/demo/themes/parallax,http://themify.me/files/parallax/parallax.zip,http://themify.me/themes/parallax,3/21/2014,
Photobox,Wordpress,themify.me,themify.me,http://themify.me/demo/themes/photobox,http://themify.me/files/photobox/photobox.zip,http://themify.me/themes/photobox,3/21/2014,
Phototouch,Wordpress,themify.me,themify.me,http://themify.me/demo/themes/phototouch,http://themify.me/files/phototouch/phototouch.zip,http://themify.me/themes/phototouch,3/21/2014,
Pinboard,Wordpress,themify.me,themify.me,http://themify.me/demo/themes/pinboard,http://themify.me/files/pinboard/pinboard.zip,http://themify.me/themes/pinboard,3/21/2014,
Pinshop,Wordpress,themify.me,themify.me,http://themify.me/demo/themes/pinshop,http://themify.me/files/pinshop/pinshop.zip,http://themify.me/themes/pinshop,3/21/2014,
Postline,Wordpress,themify.me,themify.me,http://themify.me/demo/themes/postline,http://themify.me/files/postline/postline.zip,http://themify.me/themes/postline,3/21/2014,
Responz,Wordpress,themify.me,themify.me,http://themify.me/demo/themes/responz,http://themify.me/files/responz/responz.zip,http://themify.me/themes/responz,3/21/2014,
Rezo,Wordpress,themify.me,themify.me,http://themify.me/demo/themes/rezo,http://themify.me/files/rezo/rezo.zip,http://themify.me/themes/rezo,3/21/2014,
ShopDock,Wordpress,themify.me,themify.me,http://themify.me/demo/themes/shopdock,http://themify.me/files/shopdock/shopdock.zip,http://themify.me/themes/shopdock,3/21/2014,
Shopo,Wordpress,themify.me,themify.me,http://themify.me/demo/themes/shopo,http://themify.me/files/shopo/shopo.zip,http://themify.me/themes/shopo,3/21/2014,
Sidepane,Wordpress,themify.me,themify.me,http://themify.me/demo/themes/sidepane,http://themify.me/files/sidepane/sidepane.zip,http://themify.me/themes/sidepane,3/21/2014,
Simfo,Wordpress,themify.me,themify.me,http://themify.me/demo/themes/simfo,http://themify.me/files/simfo/simfo.zip,http://themify.me/themes/simfo,3/21/2014,
Slide,Wordpress,themify.me,themify.me,http://themify.me/demo/themes/slide,http://themify.me/files/slide/slide.zip,http://themify.me/themes/slide,3/21/2014,
Suco,Wordpress,themify.me,themify.me,http://themify.me/demo/themes/suco,http://themify.me/files/suco/suco.zip,http://themify.me/themes/suco,3/21/2014,
ThemeMin,Wordpress,themify.me,themify.me,http://themify.me/demo/themes/thememin,http://themify.me/files/thememin/thememin.zip,http://themify.me/themes/thememin,3/21/2014,
Tisa,Wordpress,themify.me,themify.me,http://themify.me/demo/themes/tisa,http://themify.me/files/tisa/tisa.zip,http://themify.me/themes/tisa,3/21/2014,
Wigi,Wordpress,themify.me,themify.me,http://themify.me/demo/themes/wigi,http://themify.me/files/wigi/wigi.zip,http://themify.me/themes/wigi,3/21/2014,
Wumblr,Wordpress,themify.me,themify.me,http://themify.me/demo/themes/wumblr,http://themify.me/files/wumblr/wumblr.zip,http://themify.me/themes/wumblr,3/21/2014,
13Floor,Wordpress,elegantthemes.com,elegantthemes.com,http://elegantthemes.com/preview/13Floor,,http://www.elegantthemes.com/gallery/13floor,3/25/2014,
Aggregate,Wordpress,elegantthemes.com,elegantthemes.com,http://elegantthemes.com/preview/Aggregate,,http://www.elegantthemes.com/gallery/aggregate,3/25/2014,
ArtSee,Wordpress,elegantthemes.com,elegantthemes.com,http://elegantthemes.com/preview/ArtSee,,http://www.elegantthemes.com/gallery/artsee,3/25/2014,
AskIt,Wordpress,elegantthemes.com,elegantthemes.com,http://elegantthemes.com/preview/AskIt,,http://www.elegantthemes.com/gallery/askit,3/25/2014,
Basic,Wordpress,elegantthemes.com,elegantthemes.com,http://elegantthemes.com/preview/Basic,,http://www.elegantthemes.com/gallery/basic,3/25/2014,
BlueMist,Wordpress,elegantthemes.com,elegantthemes.com,http://elegantthemes.com/preview/BlueMist,,http://www.elegantthemes.com/gallery/bluemist,3/25/2014,
BlueSky,Wordpress,elegantthemes.com,elegantthemes.com,http://elegantthemes.com/preview/BlueSky,,http://www.elegantthemes.com/gallery/bluesky,3/25/2014,
Bold,Wordpress,elegantthemes.com,elegantthemes.com,http://elegantthemes.com/preview/Bold,,http://www.elegantthemes.com/gallery/bold,3/25/2014,
BusinessCard,Wordpress,elegantthemes.com,elegantthemes.com,http://elegantthemes.com/preview/BusinessCard,,http://www.elegantthemes.com/gallery/businesscard,3/25/2014,
Chameleon,Wordpress,elegantthemes.com,elegantthemes.com,http://elegantthemes.com/preview/Chameleon,,http://www.elegantthemes.com/gallery/chameleon,3/25/2014,
CherryTruffle,Wordpress,elegantthemes.com,elegantthemes.com,http://elegantthemes.com/preview/CherryTruffle,,http://www.elegantthemes.com/gallery/cherrytruffle,3/25/2014,
Cion,Wordpress,elegantthemes.com,elegantthemes.com,http://elegantthemes.com/preview/Cion,,http://www.elegantthemes.com/gallery/cion,3/25/2014,
ColdStone,Wordpress,elegantthemes.com,elegantthemes.com,http://elegantthemes.com/preview/ColdStone,,http://www.elegantthemes.com/gallery/coldstone,3/25/2014,
Convertible,Wordpress,elegantthemes.com,elegantthemes.com,http://elegantthemes.com/preview/Convertible,,http://www.elegantthemes.com/gallery/convertible,3/25/2014,
DailyJournal,Wordpress,elegantthemes.com,elegantthemes.com,http://elegantthemes.com/preview/DailyJournal,,http://www.elegantthemes.com/gallery/dailyjournal,3/25/2014,
DailyNotes,Wordpress,elegantthemes.com,elegantthemes.com,http://elegantthemes.com/preview/DailyNotes,,http://www.elegantthemes.com/gallery/dailynotes,3/25/2014,
DeepFocus,Wordpress,elegantthemes.com,elegantthemes.com,http://elegantthemes.com/preview/DeepFocus,,http://www.elegantthemes.com/gallery/deepfocus,3/25/2014,
DelicateNews,Wordpress,elegantthemes.com,elegantthemes.com,http://elegantthemes.com/preview/DelicateNews,,http://www.elegantthemes.com/gallery/delicatenews,3/25/2014,
Deviant,Wordpress,elegantthemes.com,elegantthemes.com,http://elegantthemes.com/preview/Deviant,,http://www.elegantthemes.com/gallery/deviant,3/25/2014,
Divi,Wordpress,elegantthemes.com,elegantthemes.com,http://elegantthemes.com/preview/Divi,,http://www.elegantthemes.com/gallery/divi,3/25/2014,
EarthlyTouch,Wordpress,elegantthemes.com,elegantthemes.com,http://elegantthemes.com/preview/EarthlyTouch,,http://www.elegantthemes.com/gallery/earthlytouch,3/25/2014,
eBusiness,Wordpress,elegantthemes.com,elegantthemes.com,http://elegantthemes.com/preview/eBusiness,,http://www.elegantthemes.com/gallery/ebusiness,3/25/2014,
eGallery,Wordpress,elegantthemes.com,elegantthemes.com,http://elegantthemes.com/preview/eGallery,,http://www.elegantthemes.com/gallery/egallery,3/25/2014,
eGamer,Wordpress,elegantthemes.com,elegantthemes.com,http://elegantthemes.com/preview/eGamer,,http://www.elegantthemes.com/gallery/egamer,3/25/2014,
ElegantEstate,Wordpress,elegantthemes.com,elegantthemes.com,http://elegantthemes.com/preview/ElegantEstate,,http://www.elegantthemes.com/gallery/elegantestate,3/25/2014,
eList,Wordpress,elegantthemes.com,elegantthemes.com,http://elegantthemes.com/preview/eList,,http://www.elegantthemes.com/gallery/elist,3/25/2014,
eNews,Wordpress,elegantthemes.com,elegantthemes.com,http://elegantthemes.com/preview/eNews,,http://www.elegantthemes.com/gallery/enews,3/25/2014,
Envisioned,Wordpress,elegantthemes.com,elegantthemes.com,http://elegantthemes.com/preview/Envisioned,,http://www.elegantthemes.com/gallery/envisioned,3/25/2014,
ePhoto,Wordpress,elegantthemes.com,elegantthemes.com,http://elegantthemes.com/preview/ePhoto,,http://www.elegantthemes.com/gallery/ephoto,3/25/2014,
eStore,Wordpress,elegantthemes.com,elegantthemes.com,http://elegantthemes.com/preview/eStore,,http://www.elegantthemes.com/gallery/estore,3/25/2014,
Event,Wordpress,elegantthemes.com,elegantthemes.com,http://elegantthemes.com/preview/Event,,http://www.elegantthemes.com/gallery/event,3/25/2014,
eVid,Wordpress,elegantthemes.com,elegantthemes.com,http://elegantthemes.com/preview/eVid,,http://www.elegantthemes.com/gallery/evid,3/25/2014,
Evolution,Wordpress,elegantthemes.com,elegantthemes.com,http://elegantthemes.com/preview/Evolution,,http://www.elegantthemes.com/gallery/evolution,3/25/2014,
Explorable,Wordpress,elegantthemes.com,elegantthemes.com,http://elegantthemes.com/preview/Explorable,,http://www.elegantthemes.com/gallery/explorable,3/25/2014,
Fable,Wordpress,elegantthemes.com,elegantthemes.com,http://elegantthemes.com/preview/Fable,,http://www.elegantthemes.com/gallery/fable,3/25/2014,
Feather,Wordpress,elegantthemes.com,elegantthemes.com,http://elegantthemes.com/preview/Feather,,http://www.elegantthemes.com/gallery/feather,3/25/2014,
Flexible,Wordpress,elegantthemes.com,elegantthemes.com,http://elegantthemes.com/preview/Flexible,,http://www.elegantthemes.com/gallery/flexible,3/25/2014,
Foxy,Wordpress,elegantthemes.com,elegantthemes.com,http://elegantthemes.com/preview/Foxy,,http://www.elegantthemes.com/gallery/foxy,3/25/2014,
Fusion,Wordpress,elegantthemes.com,elegantthemes.com,http://elegantthemes.com/preview/Fusion,,http://www.elegantthemes.com/gallery/fusion,3/25/2014,
Gleam,Wordpress,elegantthemes.com,elegantthemes.com,http://elegantthemes.com/preview/Gleam,,http://www.elegantthemes.com/gallery/gleam,3/25/2014,
Glider,Wordpress,elegantthemes.com,elegantthemes.com,http://elegantthemes.com/preview/Glider,,http://www.elegantthemes.com/gallery/glider,3/25/2014,
Glow,Wordpress,elegantthemes.com,elegantthemes.com,http://elegantthemes.com/preview/Glow,,http://www.elegantthemes.com/gallery/glow,3/25/2014,
GrungeMag,Wordpress,elegantthemes.com,elegantthemes.com,http://elegantthemes.com/preview/GrungeMag,,http://www.elegantthemes.com/gallery/grungemag,3/25/2014,
Harmony,Wordpress,elegantthemes.com,elegantthemes.com,http://elegantthemes.com/preview/Harmony,,http://www.elegantthemes.com/gallery/harmony,3/25/2014,
Influx,Wordpress,elegantthemes.com,elegantthemes.com,http://elegantthemes.com/preview/Influx,,http://www.elegantthemes.com/gallery/influx,3/25/2014,
InReview,Wordpress,elegantthemes.com,elegantthemes.com,http://elegantthemes.com/preview/InReview,,http://www.elegantthemes.com/gallery/inreview,3/25/2014,
InStyle,Wordpress,elegantthemes.com,elegantthemes.com,http://elegantthemes.com/preview/InStyle,,http://www.elegantthemes.com/gallery/instyle,3/25/2014,
InterPhase,Wordpress,elegantthemes.com,elegantthemes.com,http://elegantthemes.com/preview/InterPhase,,http://www.elegantthemes.com/gallery/interphase,3/25/2014,
LeanBiz,Wordpress,elegantthemes.com,elegantthemes.com,http://elegantthemes.com/preview/LeanBiz,,http://www.elegantthemes.com/gallery/leanbiz,3/25/2014,
LightBright,Wordpress,elegantthemes.com,elegantthemes.com,http://elegantthemes.com/preview/LightBright,,http://www.elegantthemes.com/gallery/lightbright,3/25/2014,
LightSource,Wordpress,elegantthemes.com,elegantthemes.com,http://elegantthemes.com/preview/LightSource,,http://www.elegantthemes.com/gallery/lightsource,3/25/2014,
Lucid,Wordpress,elegantthemes.com,elegantthemes.com,http://elegantthemes.com/preview/Lucid,,http://www.elegantthemes.com/gallery/lucid,3/25/2014,
Lumin,Wordpress,elegantthemes.com,elegantthemes.com,http://elegantthemes.com/preview/Lumin,,http://www.elegantthemes.com/gallery/lumin,3/25/2014,
Magnificent,Wordpress,elegantthemes.com,elegantthemes.com,http://elegantthemes.com/preview/Magnificent,,http://www.elegantthemes.com/gallery/magnificent,3/25/2014,
Memoir,Wordpress,elegantthemes.com,elegantthemes.com,http://elegantthemes.com/preview/Memoir,,http://www.elegantthemes.com/gallery/memoir,3/25/2014,
Minimal,Wordpress,elegantthemes.com,elegantthemes.com,http://elegantthemes.com/preview/Minimal,,http://www.elegantthemes.com/gallery/minimal,3/25/2014,
Modest,Wordpress,elegantthemes.com,elegantthemes.com,http://elegantthemes.com/preview/Modest,,http://www.elegantthemes.com/gallery/modest,3/25/2014,
MyApp,Wordpress,elegantthemes.com,elegantthemes.com,http://elegantthemes.com/preview/MyApp,,http://www.elegantthemes.com/gallery/myapp,3/25/2014,
MyCuisine,Wordpress,elegantthemes.com,elegantthemes.com,http://elegantthemes.com/preview/MyCuisine,,http://www.elegantthemes.com/gallery/mycuisine,3/25/2014,
MyProduct,Wordpress,elegantthemes.com,elegantthemes.com,http://elegantthemes.com/preview/MyProduct,,http://www.elegantthemes.com/gallery/myproduct,3/25/2014,
MyResume,Wordpress,elegantthemes.com,elegantthemes.com,http://elegantthemes.com/preview/MyResume,,http://www.elegantthemes.com/gallery/myresume,3/25/2014,
Nexus,Wordpress,elegantthemes.com,elegantthemes.com,http://elegantthemes.com/preview/Nexus,,http://www.elegantthemes.com/gallery/nexus,3/25/2014,
Nimble,Wordpress,elegantthemes.com,elegantthemes.com,http://elegantthemes.com/preview/Nimble,,http://www.elegantthemes.com/gallery/nimble,3/25/2014,
Nova,Wordpress,elegantthemes.com,elegantthemes.com,http://elegantthemes.com/preview/Nova,,http://www.elegantthemes.com/gallery/nova,3/25/2014,
Notebook,Wordpress,elegantthemes.com,elegantthemes.com,http://elegantthemes.com/preview/Notebook,,http://www.elegantthemes.com/gallery/notebook,3/25/2014,
OnTheGo,Wordpress,elegantthemes.com,elegantthemes.com,http://elegantthemes.com/preview/OnTheGo,,http://www.elegantthemes.com/gallery/onthego,3/25/2014,
Origin,Wordpress,elegantthemes.com,elegantthemes.com,http://elegantthemes.com/preview/Origin,,http://www.elegantthemes.com/gallery/origin,3/25/2014,
PersonalPress,Wordpress,elegantthemes.com,elegantthemes.com,http://elegantthemes.com/preview/PersonalPress,,http://www.elegantthemes.com/gallery/personalpress,3/25/2014,
Polished,Wordpress,elegantthemes.com,elegantthemes.com,http://elegantthemes.com/preview/Polished,,http://www.elegantthemes.com/gallery/polished,3/25/2014,
PureType,Wordpress,elegantthemes.com,elegantthemes.com,http://elegantthemes.com/preview/PureType,,http://www.elegantthemes.com/gallery/puretype,3/25/2014,
Quadro,Wordpress,elegantthemes.com,elegantthemes.com,http://elegantthemes.com/preview/Quadro,,http://www.elegantthemes.com/gallery/quadro,3/25/2014,
SimplePress,Wordpress,elegantthemes.com,elegantthemes.com,http://elegantthemes.com/preview/SimplePress,,http://www.elegantthemes.com/gallery/simplepress,3/25/2014,
Simplism,Wordpress,elegantthemes.com,elegantthemes.com,http://elegantthemes.com/preview/Simplism,,http://www.elegantthemes.com/gallery/simplism,3/25/2014,
Sky,Wordpress,elegantthemes.com,elegantthemes.com,http://elegantthemes.com/preview/Sky,,http://www.elegantthemes.com/gallery/sky,3/25/2014,
StudioBlue,Wordpress,elegantthemes.com,elegantthemes.com,http://elegantthemes.com/preview/StudioBlue,,http://www.elegantthemes.com/gallery/studioblue,3/25/2014,
StyleShop,Wordpress,elegantthemes.com,elegantthemes.com,http://elegantthemes.com/preview/StyleShop,,http://www.elegantthemes.com/gallery/styleshop,3/25/2014,
TheCorporation,Wordpress,elegantthemes.com,elegantthemes.com,http://elegantthemes.com/preview/TheCorporation,,http://www.elegantthemes.com/gallery/thecorporation,3/25/2014,
TheProfessional,Wordpress,elegantthemes.com,elegantthemes.com,http://elegantthemes.com/preview/TheProfessional,,http://www.elegantthemes.com/gallery/theprofessional,3/25/2014,
TheSource,Wordpress,elegantthemes.com,elegantthemes.com,http://elegantthemes.com/preview/TheSource,,http://www.elegantthemes.com/gallery/thesource,3/25/2014,
TheStyle,Wordpress,elegantthemes.com,elegantthemes.com,http://elegantthemes.com/preview/TheStyle,,http://www.elegantthemes.com/gallery/thestyle,3/25/2014,
TidalForce,Wordpress,elegantthemes.com,elegantthemes.com,http://elegantthemes.com/preview/TidalForce,,http://www.elegantthemes.com/gallery/tidalforce,3/25/2014,
Trim,Wordpress,elegantthemes.com,elegantthemes.com,http://elegantthemes.com/preview/Trim,,http://www.elegantthemes.com/gallery/trim,3/25/2014,
Vertex,Wordpress,elegantthemes.com,elegantthemes.com,http://elegantthemes.com/preview/Vertex,,http://www.elegantthemes.com/gallery/vertex,3/25/2014,
Webly,Wordpress,elegantthemes.com,elegantthemes.com,http://elegantthemes.com/preview/Webly,,http://www.elegantthemes.com/gallery/webly,3/25/2014,
WhosWho,Wordpress,elegantthemes.com,elegantthemes.com,http://elegantthemes.com/preview/WhosWho,,http://www.elegantthemes.com/gallery/whoswho,3/25/2014,
Wooden,Wordpress,elegantthemes.com,elegantthemes.com,http://elegantthemes.com/preview/Wooden,,http://www.elegantthemes.com/gallery/wooden,3/25/2014,